918373b8-06d2-40e9-90dd-1797a1044e0c,E0923,fengthl,advisor,ธนชนก,เลิศไชยา,2024-10-16:14:52:19,fscixxa@ku.th,$2a$12$TBkB3pq.LijQ/LUzZRyUqeqJPMvBBcdf8lYJ7DCWCKtDrKPFJkPWO,918373b8-06d2-40e9-90dd-1797a1044e0c-avatar,active,tnsnkl.cpe,7dfc2449-747c-44be-87cc-01cc904f06ce,92f83efa-9e3f-448f-8dc3-c955abc03aa3,none
be811198-3c37-48c2-b119-4d5adcc020fa,H0616,fsocnkb,advisor,ณิชากร,บุญญฤทธิ์,2024-10-16:14:53:04,fscixxa@ku.th,$2a$12$8.ez6TaV3VMOeMbRdQwr5uM7SiAa6s2x46lQ8WpElLLZ/1U6TXVnm,no-image,active,nskby.law,cfc1d1b3-8c78-49a3-aef6-f456754e8c1f,fa6d8db4-2e09-427e-8a69-f2fe88e4574b,none
d30d7151-97e6-429e-acbc-ba55b4e56b41,E0915,fengnkr,advisor,ณัฐกมล,รัตนโชค,2024-10-16:14:53:46,fscixxa@ku.th,$2a$12$ePEte89n1v4MyZAzO05M3.FNrDXiam3BfTS1SplqQvqw8kGRWFQCu,no-image,active,nkmlr.cpe,7dfc2449-747c-44be-87cc-01cc904f06ce,92f83efa-9e3f-448f-8dc3-c955abc03aa3,none
0a6d98bd-d2d6-40c9-b78c-bb7c196e0144,L7422,fhumnka,advisor,ณัฐนันท์,กาญจนรัตน์,2024-10-16:14:54:46,fscixxa@ku.th,$2a$12$wrjlhcsUvxQ3eex/pRxmzOwxAqHkG15iWX8WRVdRRHpF0j6qmv7mC,no-image,active,ntnk.comarts,185eed03-641d-4baf-8d72-e7823c4e1a3d,8870a4a8-d92b-40aa-8446-906310865d19,none
0b073659-d7b3-46ec-9a7c-8da2703baa3f,E1707,fengthp,advisor,ธิดา,ประเสริฐสุข,2024-10-16:14:55:27,fscixxa@ku.th,$2a$12$86no5wvgymc1nJQTDG6yAuJaKeGx1lKmQuGLIQ.aczmHC5UjwUZ9O,no-image,active,thdpss.swk,7dfc2449-747c-44be-87cc-01cc904f06ce,1f68abdf-1658-4140-aef0-a3ea698d57ff,none
1bf2eaa5-2bdf-4263-a3cf-d7e26ed9a703,L3515,fhumnpi,advisor,ณรงค์ศักดิ์,พิชญพิศุทธิ์,2024-10-16:14:56:09,fscixxa@ku.th,$2a$12$mlA/RbuixqNQl4SAr.3WXeMoKJGWva4e7auMowV6TUVfD0UWExi5m,1bf2eaa5-2bdf-4263-a3cf-d7e26ed9a703-avatar,active,nrskp.jpn,185eed03-641d-4baf-8d72-e7823c4e1a3d,1b9bcedf-9ffc-4507-9356-71ad8309a499,none
227d6008-402c-4c27-aa10-291361c84a37,D1421,fsciusa,advisor,อุษา,สัมมาพันธ์,2024-10-16:14:56:35,fscixxa@ku.th,$2a$12$ZOJW4NX3gcHKzczfS3RJCuJJKW74UZZhTAL5n4oiiwqhNDfE0h4Ke,227d6008-402c-4c27-aa10-291361c84a37-avatar,active,usasmmp.cs,f91bcb61-6675-45b4-8565-f7933f323b91,aea023cf-9e5d-4a5c-8d57-2cfbfb291900,none
37659487-bfcb-4652-af06-75f78747eed0,D1208,fsciras,advisor,รัชนก,ศุภสิริ,2024-10-16:14:57:09,fscixxa@ku.th,$2a$12$xrB1fK9RKJcoZo8HB/2MQeg0Bi8h01PgIC9H2EWWWq5TpPWe1hzhq,no-image,active,rsnks.zoo,f91bcb61-6675-45b4-8565-f7933f323b91,d13eac9a-fb6d-46a2-8232-b8d7e5fe829e,none
3c1eabbc-fd60-40e3-b939-425692e0e34e,D0111,fscijir,advisor,จิรายุ,รัตนากร,2024-10-16:14:58:55,fscixxa@ku.th,$2a$12$JSc1gcuJH6n8bxb.npearOq6Lh5/KZL1kvCu4MOiTr.IexidvaCwK,no-image,active,jryr.math,f91bcb61-6675-45b4-8565-f7933f323b91,2b6a3cf3-b903-49de-8bd8-fb2d6c204c95,none
5fb79fb2-c889-44fe-9a14-35e850a37489,E0812,fengplj,advisor,พฤกษา,จันทราศิริ,2024-10-16:15:00:06,fscixxa@ku.th,$2a$12$xJeUb7SJXdy2qx3ib6OqXuIaSGe4cBsS1dNoounIIUEzPFPH.BVeu,no-image,active,plsjsr.ind,7dfc2449-747c-44be-87cc-01cc904f06ce,1e9086df-fa4f-4775-89d1-c24fa666d9bf,none
6dfac5f5-9c70-4f04-9131-2be970314bb9,H0317,fsocknr,advisor,กนกนันท์,รัตนากร,2024-10-16:15:00:47,fscixxa@ku.th,$2a$12$SoPAGfpmCJYqRswaGi9bROCwbtXZE94tt/t/ZBkff.N7R/sKRC34O,no-image,active,knknr.pol,cfc1d1b3-8c78-49a3-aef6-f456754e8c1f,0ac10533-0949-4f7e-bc12-390023883277,none
77d26da0-d879-4d39-921f-a1642ae0bc4d,D1426,fsciths,advisor,ธรรมกร,แซ่ตั้ง,2024-10-16:15:01:10,fscixxa@ku.th,$2a$12$WeOlFs9NOWIsLn0GeWTjsOEFY.EtWwu7DX9ggi.IruE6kfDglCqje,no-image,active,thmmkst.cs,f91bcb61-6675-45b4-8565-f7933f323b91,aea023cf-9e5d-4a5c-8d57-2cfbfb291900,none
